참,교,육
신,의, ,탑
뷰,티,풀, ,군,바,리
윈,드,브,레,이,커
팔,이,피,플
소,녀,의, ,세,계
장,씨,세,가, ,호,위,무,사
백,수,세,끼
파,이,게,임
앵,무,살,수
만,렙,돌,파
삼,매,경
잔,불,의, ,기,사
더,블,클,릭
요,리,G,O
약,초,마,을, ,연,쇄,살,초,사,건
유,일,무,이, ,로,맨,스
바,퀴
칼,가,는, ,소,녀
히,어,로,메,이,커
결,혼,생,활, ,그,림,일,기
홍,천,기
영,앤,리,치,가, ,아,니,야,!
물,어,보,는, ,사,이
오,늘,의, ,순,정,망,화
꼬,리,잡,기
ㅋ,ㄷ,ㅋ,ㄷ,만,화
똑, ,닮,은, ,딸
평,범,한, ,8,반
리,턴, ,투, ,플,레,이,어
아,",", ,쫌, ,참,으,세,요, ,영,주,님,!
아,는, ,여,자,애
수,영,만,화,일,기
장,난,감
황,제,와,의, ,하,룻,밤
꿈,의, ,기,업
순,정,말,고, ,순,종
최,후,의, ,금,빛,아,이
하,루,의, ,하,루
와,이,키,키, ,뱀,파,이,어
야,생,천,사, ,보,호,구,역
모,스,크,바,의, ,여,명
착,한,건, ,돈,이,된,다
사,랑,의, ,헌,옷,수,거,함
선,배,",", ,그, ,립,스,틱, ,바,르,지, ,마,요
왕,따,협,상
백,호,랑
원,하,는, ,건, ,너, ,하,나
이,중,첩,자
또,다,시,",", ,계,약, ,부,부
라,서,드
마,지,막, ,지,수
사,막,에, ,핀, ,달
드,로,잉, ,레,시,피
중,독,연,구,소
살,아,간,다
이,탄,국,의, ,자,청,비
그,림,자, ,신,부
모,락,모,락, ,왕,세,자,님
바,로, ,보,지, ,않,는
개,밥, ,먹,는, ,남,자
헬,로,맨,스
오,로,지, ,오,로,라
트,리,거
기,사,님,을, ,지,켜,줘
보,살,님,이, ,캐,리,해,!
말,박,왕
여,신,강,림
덴,큐
용,사,가, ,돌,아,왔,다
한,림,체,육,관
엽,총,소,년
하,루,만, ,네,가, ,되,고, ,싶,어
사,신,소,년
중,증,외,상,센,터, ,:, ,골,든, ,아,워
랜,덤,채,팅,의, ,그,녀,!
신,도,림
니,나,의, ,마,법,서,랍
달,콤,살,벌,한, ,부,부
헬,5,8
호,랑,이, ,들,어,와,요
집,이, ,없,어
오,피,스, ,누,나, ,이,야,기
원,주,민, ,공,포,만,화
천,마,는, ,평,범,하,게, ,살, ,수, ,없,다
몬,스,터
윌,유,메,리,미
블,랙, ,위,도,우
아,이,레
위,아,더,좀,비
하,우,스,키,퍼
삼,국,지,톡
빌,런,투,킬
오,늘,의, ,순,정,망,화
견,우,와, ,선,녀
이,상,형,은, ,아,닙,니,다
플,레,이,",", ,플,리
용,왕,님,의, ,셰,프,가, ,되,었,습,니,다
교,환,학,생
아,이,즈
제,로,게,임
3,c,m, ,헌,터
성,인,초,딩
올,가,미
정,년,이
기,계,증,식,증
은,주,의, ,방, ,2,~,3,부
빅,맨
악,인
나,타,나,주,세,요,!
연,우,의, ,순,정
열,녀,박,씨, ,계,약,결,혼,뎐
나,는, ,어,디,에,나, ,있,다
나,의, ,플,랏,메,이,트
숲,속,의, ,담
오,파,츠
태,시,트
조,선,홍,보,대,행,사, ,조,대,박
그,녀,석, ,정,복,기
다,꾸,남
안,식,의, ,밤
자,판,귀
대,신, ,심,부,름,을, ,해,다,오
급,식,러,너
완,벽,한, ,가,족
연,애,는, ,전,쟁,!
언,메,이,크
풋,내,기,들
고,등,매,직
프,린,스, ,메,이,커
지,원,이,들
N,G,불,가
피,로,만,땅
하,나,i,n,세,인
찐,:,종,합,게,임,동,아,리
인,문,학,적, ,감,수,성
무,서,운,게, ,딱,좋,아,!
헬,퍼, ,2, ,:, ,킬,베,로,스
전,지,적, ,독,자, ,시,점
조,조,코,믹,스
모,죠,의, ,일,지
캐,슬
튜,토,리,얼, ,탑,의, ,고,인,물
화,산,귀,환
급,식,아,빠
남,주,의, ,첫,날,밤,을, ,가,져,버,렸,다
여,주,실,격,!
노,곤,하,개
세,상,은, ,돈,과, ,권,력
일,렉,시,드
6,6,6,6,6,년, ,만,에, ,환,생,한, ,흑,마,법,사
연,놈
닥,터,앤,닥,터, ,육,아,일,기
나,쁜,사,람
블,랙,홀,과, ,3,만,원
고,삼,무,쌍
밤,낚,시
샹,치
마,른, ,가,지,에, ,바,람,처,럼
엔,딩, ,후, ,서,브,남,을, ,주,웠,다
빌,드,업
원,수,를, ,사,랑,하,라
탈,영,일,지
괴,물,공,작,의, ,딸
하,렘,의, ,남,자,들
관,종,교,장
판,타,지, ,여,동,생,!
귀,곡,의, ,문
사,상,최,강
언,덕, ,위,의, ,제,임,스
방,탈,출
마,녀,와, ,용,의, ,신,혼,일,기
아,도,나,이
새,벽, ,두, ,시,의, ,신,데,렐,라
오,징,어,도, ,사,랑,이, ,되,나,요,?
얼,굴,천,재
로,어, ,올,림,푸,스
칼,부,림
반,귀
여,우,담,:,스,윗,싱,가,포,르
범,이,올,시,다,!
속,보,입,니,다
수,요,웹,툰,의, ,나,강,림
화,가, ,살,리,에,르
사,랑,과, ,평,강,의, ,온,달,!
반,짝,반,짝, ,작,은, ,눈
무,용,과, ,남,학,생
뱀,은, ,꽃,을, ,먹,는,가
웰,컴, ,온,보,드
스,캔,들
기,억,흔,적
신,선,비
해,귀
저,승,사,자, ,출,입,금,지
구,주
수,상,한, ,비,밀,상,담,부
천,도
내, ,룸,메,이,트,는, ,마,네,킹
시,효,완,성
나,의, ,계,절
더, ,복,서
연,애,혁,명
기,기,괴,괴
나,노,마,신
독,립,일,기
이,두,나,!
묵,시,의, ,인,플,루,언,서
화,이,트, ,블,러,드
포,식,동,물
노,답,소,녀
정,글,쥬,스
오,빠,세,끼
겟,백
무,사,만,리,행
하,드,캐,리
마,왕,까,지, ,한, ,걸,음
던,전, ,씹,어,먹,는, ,아,티,팩,트
트,롤,트,랩
신,비
흑,막, ,여,주,가, ,날, ,새,엄,마,로, ,만,들,려,고, ,해
쿠,베,라
최,강,전,설, ,강,해,효
별,을, ,삼,킨, ,너,에,게
뜨,거,운, ,양,철,지,붕, ,위,의, ,고,양,이
오,늘,의, ,순,정,망,화
선,의,의, ,경,쟁
시,에,라
꽃,만, ,키,우,는,데, ,너,무,강,함
아,빠,같,은, ,남,자
완,벽,한, ,결,혼,의, ,정,석
불,편,한, ,관,계
만,물,의, ,영,장
T,H,E, ,런,웨,이
안,개,무,덤
수,영,만,화,일,기
마,법,사,랑,해
네,가, ,죽,기,를, ,바,랄, ,때,가, ,있,었,다
길,티,액,스
시,월,드, ,판,타,지
마,계,인,섬
롤,랑,롤,랑
어,느,날, ,네,가, ,떠,올,라,!
폭,탄,주,먹, ,변,대,장
로,그,아,웃
그, ,개,",", ,만,두
성,스,러,운, ,아,이,돌
달,의, ,요,람
그, ,황,제,가, ,시,곗,바,늘,을, ,되,돌,린, ,사,연
루,커,피,쳐
야,만,의, ,시,대
겟,라,이,프
어,차,피, ,남,편,은,!
소,년,의, ,기,록
집,사,레,인,저
유,리,와, ,유,리,와, ,유,리
돌,아,온, ,여,기,사
온,실, ,속, ,화,초
온,새,미,로
평,범,한, ,낙,원
혼,모,노,트
카,루,나
밤,하,늘,에, ,구,름,운
멸,망,X,초,이,스
모,어, ,라,이,프
보,물,과, ,괴,물,의, ,도,시
헬,프,미
바,른,탕,진, ,프,로,젝,트
외,모,지,상,주,의
나, ,혼,자, ,만,렙, ,뉴,비
유,미,의, ,세,포,들, ,외,전, ,:, ,프,로, ,직,장,인
데,드,퀸
갓, ,오,브, ,하,이,스,쿨
1,초
개,를, ,낳,았,다
죽,지, ,않,으,려,면
광,마,회,귀
식,인,귀
서,울,역, ,드,루,이,드
말,년,용,사
세,기,말, ,풋,사,과, ,보,습,학,원
더, ,게,이,머
여,성,전,용,헬,스,장, ,진,달,래,짐
구,남,친,이, ,내,게, ,반,했,다
그,들,이, ,사,귀,는, ,세,상
상,남,자
플,레,이,어
걸,어,서, ,3,0,분
블,랙, ,위,도,우
쌈,빡
삼,국,지,톡
히,어,로, ,킬,러
환,상,의, ,용
미,친, ,후,작,을, ,길,들,이,고, ,말,았,다
A,.,I,., ,닥,터
여,우,놀,이
역,대,급, ,영,지, ,설,계,사
그, ,기,사,가, ,레,이,디,로, ,사,는, ,법
가,슴,털, ,로,망,스
감,자,마,을
엽,사,:,요,괴,사,냥,꾼
버,그,:, ,스,티,그,마
네,버,엔,딩,달,링
빨,간,맛, ,로,맨,스
피,와, ,나,비
닥,터, ,프,로,스,트, ,시,즌, ,3,~,4
후,덜,덜,덜, ,남,극,전,자
로,판, ,빙,의, ,만,화
인,피,니,티
다,름,이, ,아,니,라
주,님,",", ,악,마,가, ,되,게, ,해,주,세,요,!
악,몽,일,기
너,의, ,미,소,가, ,함,정
사,람,의, ,조,각
도,무,지, ,그,애,는
몽,홀
태,권,보,이
방,과,후, ,선,녀
아,찔,한, ,전,남,편
거,래
트,럼,프
빨,리,감,기
썸,내,일
킬,러,방, ,:, ,퍼,스,트, ,킬
구,주,의, ,시,간
팬,시,X,팬,시
나,쁜, ,쪽,으,로
백,년,게,임
꽃, ,피,우,는, ,남,자
찬,란,하,지, ,않,아,도, ,괜,찮,아,",", ,새,벽
진,짜, ,정,말, ,맹,세,코, ,좋,아,해
합,법,해,적, ,파,르,페
강,림,전,기, ,개,정,기
행,운,을, ,빌,어,요,",", ,용,사,님,!
매,지,컬, ,메,디,컬
도,깨,비, ,고,개
조,조,코,믹,스
호,랑,이,형,님
프,리,드,로,우
스,퍼,맨, ,:, ,전,하,지, ,못,한, ,이,야,기
모,죠,의, ,일,지
취,사,병, ,전,설,이, ,되,다
광,장
망,나,니, ,소,교,주,로, ,환,생,했,다
니,나,의, ,마,법,서,랍
최,면,학,교
노,곤,하,개
욕,망,일,기
힙,한,남,자
스,터,디,그,룹
윌,유,메,리,미
나,이,트,런
은,둔,코,인
나,를, ,바,꿔,줘
반,드,시, ,해,피,엔,딩
어,글,리,후,드
피,라,미,드, ,게,임
탑,코,너
지,구,식, ,구,원,자, ,전,형
좀,비, ,파,이,트
태,백, ,:, ,튜,토,리,얼, ,맨
지,옥,급,식
나,태, ,공,자,",", ,노,력, ,천,재, ,되,다
청,춘, ,블,라,썸
메,트,로,헌,터
공,유,몽
왕,년,엔, ,용,사,님
웰,캄,투,실,버,라,이,프
감, ,비,서,가, ,고,장,났,다
단,편,.,z,i,p
남,자,주,인,공,의, ,여,자,사,람,친,구,입,니,다
남,편,을, ,만,렙,으,로, ,키,우,려, ,합,니,다
아,홉,수, ,우,리,들
왕,세,자, ,입,학,도
군,주
중,매,쟁,이, ,아,가, ,황,녀,님
같,은, ,학,교, ,친,구
저,무,는, ,해,",", ,시,린, ,눈
동,네,몬,스,터
율,리
압,락,사,스
팔,려, ,온, ,신,부
내,게, ,필,요,한, ,N,O,맨,스
키,스, ,식,스, ,센,스
모,두, ,너,였,다
오,늘,부,터, ,천,생,연,분
더, ,나,우
좋,은,데, ,어,떡,해
나,를, ,길,들,여, ,봐,",", ,차,비,서
주,욱, ,같,은, ,하,루
도,사, ,가,온
안,녕,",", ,이,바,다,씨
후,아,유,!
2,-,3,승,강,장
아,가,사
인,간,졸,업
아,침,을, ,지,나, ,밤,으,로
손, ,잡,아, ,볼,래,?
광,해,의, ,연,인
먹,지,마,세,요
무,서,운,게, ,딱,좋,아,!
싸,움,독,학
수,희,0,(,t,n,g,m,l,e,k,0,)
독,립,일,기
이,번, ,생,도, ,잘, ,부,탁,해
열,렙,전,사
약,한,영,웅
입,학,용,병
투,신,전,생,기
어,느,날, ,갑,자,기, ,서,울,은
닥,터,앤,닥,터, ,육,아,일,기
곱,게, ,키,웠,더,니,",", ,짐,승
소,녀,재,판
천,하,제,일,인
샹,치
경,자, ,전,성,시,대
오,로,지, ,너,를, ,이,기,고, ,싶,어
테,러,대,부,활
나,만, ,보,여,!
살,아,남,은, ,로,맨,스
사,실, ,마,법,이,었,던, ,거,임
내,일
마,법,스,크,롤, ,상,인, ,지,오
별,이,삼,샵
천,치,전,능
합,격,시,켜,주,세,용
구,름,이, ,피,워,낸, ,꽃
판,사, ,이,한,영
벚,꽃,이, ,흩,날,릴, ,무,렵
로,어, ,올,림,푸,스
A,I,가, ,세,상,을, ,지,배,한,다,면
몸,이, ,바,뀌,는, ,사,정
강,남,도,깨,비
예,쁜, ,사,나,이
학,교,정,벌
동,생,친,구
평,행,도,시
생,존,로,그
아,르,세,니,아,의, ,마,법,사
취,향, ,소,개,소
혀,로, ,만,난, ,사,이
불,순,물
결,혼,까,지, ,망,상,했,어,!
다,시, ,또, ,봄
잉,여,특,공,대
전,설,의, ,화,석
거,래,하,실,래,요,?
데,빌,샷
사,람,은, ,고,쳐, ,쓰,는, ,게, ,아,니,야,!
패,션,쇼
보,통,아,이
짝,사,랑,의, ,유,서
가,비,지,타,임
황,제,에,게, ,하,트,를, ,심,어,주,세,요
굿, ,리,스,너
조,선,여,우,스,캔,들
가,짜,인,간
소,녀, ,해,미
위,험,한, ,신,입,사,원
오,늘, ,밤,만, ,재,워,줘
라,커,",", ,오,프,너
독,신,마,법,사, ,기,숙,아,파,트
제,타
호,수,의, ,인,어
데,이,즈
푸,른,불,꽃
샤,인, ,스,타
호,시,탐,탐
