"음수량이 부족한 냥이들을 위해 인 성분과 나트륨 함량을 낮춰 특별 포뮬러로 제조된 영양제라 마음에 들었다.  1BOX 양 30포 기준 450g 한달 먹을 양이고,개당 스틱형식의 포장으로 15g씩 들어 있다.하루에 1개 씩 급여해 주면된다.또한 먹기 편하게 츄르 처럼 짜서 주면 되기에너무 간편하게 급여가 가능한 영양제이다. 👉네바에토닉의 특별한 성분✔️코엔자임Q10 - 면역력 향상, 해독과정 도움✔️타피오카 - 혈류 및 혈액순환 개선✔️퀘르세틴 - 항염 작용, 혈압 조절 도움✔️브로콜리, 당근 - 비타민, 칼슘, 철분, 섬유질 보충✔️빌베리추출물 - 활성산소 제거 도움✔️글루코사민 -  신체밸런스 균형 도움✔️L-테아닌 - 스트레스 완화✔️이뮤노월 - 면역력 활성화/항염 및 항암 작용 도움 늘 사료와 습식을 주면서.. 과연 하루 적정하게 영양을 골고루 주고 있는가?생각하는데.. 그런 생각 고민 없이 그냥 짜먹는 종합영양제 네바에토닉를 하루에 1개씩 챙겨주면 될거 같다!!!성분을 보면 알듯이 필수영양들이 들어가 있어서 간편하게 급여할 수 있고, 늘 수분이 부족한 아이에게 수분 보충해 줄 수 있는 건강한 영양제 맛있게 챙겨줘야겠다.집사 만족하는 체험이다. ^^"
"저희집 냥이들은 길에서 구조된 냥이들이다보니 면연력이 약한데요😭둘째냥이는 접종을2번이나진행했지만 항체도거의생기지않아 최대한 면연력을 신경쓰고있어요!알약은 먹이기 너무힘든데 짜먹는영양제라니😻집사들이거정하는 헤어볼과 면연력 영양까지😻➖우선 제형은 일반츄르와 비슷했어요!너무 좋았던점은 물에 쉽게녹아 음수량을위해 물에풀어주기 쉬웠고,다른 첨가물을 넣지않아 믿음가고 내용물에서 직접들어간 재료를 쉽게 확인할수있었어요👍➖기호성이 너무좋아요...🤣첫째가 츄르도 가리고 정말정말까다로운데 순식간에 그릇설거지다했어요ㅋㅋㅋ➖무엇보다 성분!!다른 첨가물없이 만든게맘에들고 하루한포씩 간편하게 냥이들 영양까지챙겨줄수있어서 편해요:-)⭐영양제먹이기 힘든집사님들!⭐기호성,성분좋은 영양제찾으시는분들!⭐추천합니당"
저희 고양이가 눈풀리면서 먹을정도로 너무 좋아합니다영양제인거 말 안하면 그냥 맛있는 츄르라고 생각할겁니다 :)요즘 그루밍하고 헤어볼토를 할때 꿀렁꿀렁 거리더니 결국 실패하고그래서 헤어볼영양제를 급여해야겠다는 생각을 했어요근데 가루영양제는 잘 안먹을거같아서 고민하다가짜먹는 영양제인 네바에토닉을 급여하니너무 잘먹습니다 제 손을 채가서 보챌정도로 :D남편이 보더니 이건 뭐가 들어갔길래 저렇게 환장하냐면서제가 영양제라고 하니 놀라더라구여 :D저렇게 제 손은 채갈정도로 환장하는건 캣닢가루 이후로 처음입니다저희 냥이가 좋아하니 걱정없이 영양제급여 가능할거같아요완전 강추강추 핵강추입니다!
"온 집안에 흩날리고 있는 고양이 털을 발견할때마다, 그루밍을 열심히하는 고양이를 볼 때마다 헤어볼때문에 걱정이 많았는데, 네바에토닉은 헤어볼 관리 뿐만아니라 체력증진, 피부피모개선, 면역력증진, 소화기관 및 대소변 냄새 감소에도 도움이되는 연어+닭고기 베이스의 종합영양제라하여 감사히 급여해보았습니다. 츄르를 뜯는 순간 고양이가 츄르에 돌진해서 이성을 잃고 씹어먹어 동영상을 찍을 수가 없더라구요. 기호성이 완전 대박이에요!접시에 짜서 물과 섞어 급여해보았는데, 첨가물이 들어가지 않은 제품이라 물에 부드럽게 잘 섞이더라구요. 곱게 갈려져있는 타입이라 큰 건더기를 잘 못 먹은 냥이들도 남김없이 싹싹 비울 수 있는 제형이에요! 맛있게 영양제를 급여할 수 있다는 점도 좋았지만, 질병케어와 영양밸런스의 균형을 위해 인 성분과 나트륨 함량을 낮춰 특별 포뮬러로 제조된 영양츄르라 믿고 먹일 수 있겠더라구요. 게다가 방부제, 보존제, 색소, 합성첨가물이 첨가되지않은 휴먼그레이드 등급으로 만든 사람도 먹을 수 있는 제품이니 더더욱 믿음이 갔어요. 코엔자임, 오메가3, 글루코사민, 천연타우린, 비타민이 함유되어 있어 고단백영양과 면역력 증가, 피부모질개선은 물론 대소변 냄새 감소에도 도움을 준다고하니 꾸준히 먹여봐야겠어요."
"네바에토닉 헤어볼👍🏻헤어볼에도 좋고 좋은 영양 성분이 가득한 츄르라고 해서 기호성이 걱정되었는데 걱정할 일이 없네요 너무너무 잘먹어요 기호성 최고네요!:) 요즘 제가 헤어볼과 영양에 신경을 많이 쓰고 있거든요 겨울되면서 날이 추워지니 애들 면역력이 조금씩 약해지더라구요 그래서 알아보던중 네바에토닉이라는 영양츄르가 있다고 해서 먹여봤는데 정말 좋은거 같아요 영양제는 싫어하고 츄르를 좋아하는 아이들에겐 정말 딱인거같습니다✨유산균과 오메가3,글루코사민 등 영양에 좋은 성분이 가득하니 츄르 줄때도 걱정안하고 줄 수 있습니다♥ 길냥이 네로한테도  줬는데 엄청 잘먹었어요 이렇게 적극적으로 먹는 츄르는 많이 없는데 진짜 적극적으로 먹더라구요 영양츄르라서 길위에서 아프지않고 항상 건강하길 바라면서 줬습니다 좋은 제품을 아이들에게 줄 수 있어 정말 감사했습니다 기호성도 너무 좋구요🥰고민걱정 말고 주문하셔도 될꺼같아요 고민은 배송만 늦출뿐입니다😉✔️영양제는 싫고 츄르는 좋아하는 냥이들✔️헤어볼과 영양에 관심 많으신 집사님들✔️건강과 맛 둘다 잡고 싶은 집사님들✔️영양이 부족한 냥이들 에게 더욱 추천합니다!:)"
냥이들에게 필요한 영양제를 츄르형태로 간편하게 급여할 수 있어서 좋아요👍🏻요즘처럼 일교차 큰 환절기에 면역력에 신경쓰이는데 면역력 높여주는데 도움이 된다고해서 든든합니당☺️그리고 무엇보다 기호성이 어마어마합니다...😳평소에 먹는 츄르보다 더 환장하고 먹어요!!✔️많은 영양제 급여하기 힘들었던 집사님들✔️음수량도 챙기고 면역력 챙기고픈 집사님들✔️기호성 좋은 영양간식 찾으시는 집사님들네바에토닉 강추에요 강추!👍🏻❤️
네바에토닉 종합영양제라서 한번 먹여보고 싶었는데 기회가 생겨서 먹여보네요:) 영양제가 첨가되어있어서 안먹음 어쩌나 걱정을 살짝했지만 괜한 걱정이였어요!! 챠오츄르만 먹는 아이들도 영양제 섞음 안먹는 아이들도 너무 잘 먹어줍니다 ㅎㅎ 간편하게 영양제를 챙겨 줄 수 있어서 너무 좋아요냄새도 맛있는 냄새가 나욬ㅋㅋㅋ고단백영양으로 아픈아이한테도 넘 좋네용 진짜 만족이에요^^
"15g이라 양이 작다고 생각할 수 있겠지만 하나씩 꺼내어 주기 간편하다.수분함량이 많아 묽어서 츄르처럼 바로 급여하기 어려울지 알았는데 의외로 걸쭉한 제형이라 흐르지 않고 바로 주기 편하다.중간중간 브로콜리와 당근 입자도 육안으로 확인되서 믿음이 간다.기존의 영양제는 알약, 오일,반건조, 분말 형태의 영양제가 대부분이었다.먹이기 힘들거나 기호성이 대체로 낮은경우가 많았다.츄르형태의 영양제를 한번 실패한적이 있어서 걱정이 됐는데 너무 좋아한다. 고개 한번 안들고 흡입했다ㅎㅎ수분함량이 높아 음수량도 채우고  인 성분과 나트륨 함량을 낮고 여러가지 영양성분에 면역력도 채울 수 있고 기호성까지 좋은 마이펫닥터 비타민 네바에토닉 헤어볼!! 최고👍👍"
평소에 아이들이 영양제를 잘 먹어주지 않아 너무 고생했는데 마이펫닥터의 유리나벨라! 정말 기호성과 영양을 둘다 잡은것 같아요!!완전 잘먹어서 너무 좋아요! 영양제간식 이제 다른것 안찾아도 될것 같아요!!!영양간식을 찾으시거나 영양제를 잘 먹지 않는 냥이 아이들과 생활하시는 집사님들께 완전 추천해요:)
고양이가 생선류를 잘 안먹기도하고 고양이 영양제라해서 잘 안먹을까봐 걱정했는데 걱정은 잠시.... 진짜 환장해요...빨리 안짜준다고 포장지까지 씹어먹어욬ㅋㅋ영양제 먹이기 힘드신분들 이 제품 무조건 사세요! 😍😍한 박스에 30개씩 넉넉하게 들어있고한개당 15g으로 양도 넉넉해요 ㅎㅎ박스도 윗부분 뜯을 수 있게 만들어서 보관하기도 좋고 포장지마다 제조일자가 적혀있더라구요! 다른 츄르들은 박스에만 적혀있어서 박스를 버리면 얼마나 시간이 지난건지 알 수 없어서 불편했는데 배려 짱짱 👍성분 좋고 기호성 좋고 무조건 추천합니당 👍
"삼둥이들은 ‘네바에토닉 헤어볼’ 제품을 급여했어요.애들이 털을 먹는거 같은데 그에 비해 헤어볼 하는걸 본적이 손에 꼽아서 헤어볼 제품에 관심이 가네요 🥺일단 츄르 형식이라 너무 편했어요알약은 서로가 힘들었지만 이 제품은 뜯으려고 하면 달려와서 먹더라구요 기호성 짱👍🏻🔅수분함량도 87%! 🔅방부제등 합청첨가물無🔅100% 휴먼그레이드로 제조🔅항산화, 면역력 신체 밸런스 균형에 도움일반 제품에 비해 소화 흡수분해 시간이 4-6시간이면 된다고해요👏🏻(일반 캔은 12시간은 걸린다고 합니다 ㅠ) 제품 살때 소화 흡수 분해시간까지 생각 못했는데 ㅠㅠㅠ 👍🏻그리고 츄르 각각 마다 유통기한이 표기되어있어서 너무 좋았어요😁면역력 약해지는 추운 겨울, 부족한 영양소 마이펫닥터 츄르로 채워보아요 ❤️"
"영양제가 미친 기호성이에요.영양제 먹이기가 일케 쉬운거였어?영양제급여가젤쉬웠어요💖 네바에토닉 특장점✅나트륨, 인 함량은 낯추고✅수분 가득~ 87%로 빠른 소화흡수력✅방부제, 보존제, 색소, 합성첨가물은 🈚🈚🈚🈚✅100%  휴먼그레이드 원료✅코엔자임Q10, 빌베리, 퀘르세틴, 엘라이신, 엘테아닌, 타우린, 글루코사민, 오메가3, 유산균, 이뮤노월 등 다양한 영양성분 함유✅짜먹는 타입의 미친 기호성✅닭가슴살과 연어를 사용 고단백"
좋은기회로  마이펙닥더 네바에토닉을 체험해봤어요!✅오메가3✅코엔자임✅테아닌✅유산균✅글루코사민✅엘라이신✅타우린함유로 쉽게 여러 보조성분들을 챙겨줄수 있어좋았어요 그리고 어쩜 #마이펫닥터 제품들은 이렇게 기호성이 좋을까요?저번 #유리나벨라 도 그렇지만 #네바에토닉 도  웬만한 츄르보다 기호성이 좋더라구요좀 욕심내서  반정도에 물 20ml를 타서 급여했는데도 잘 먹어줘서  음수량도 같이 채울수 있었어요💕#기호성좋은 #고양이종합영양제 찾는 집사님들께 추천합니다🥰
고양이 헤어볼 관리해주는 고양이 영양제 처음 먹여봤어요. 저희집 고양이가 장모라서 요즘 털갈이 시즌을 맞고 그루밍을 많이 하더니 헤어볼 토를 해서 너무 마음아팠는데 진작 챙겨줬으면 좋을뻔했네요~왠지 영양제는 기호성이 걱정되는데 이 제품은 기호성이 어마어마해요 ㅎㅎ평상시 잘먹는 츄르간식보다도 기호성이 더 좋아요^^헤어볼 관리 뿐만아니라 고양이한테 필요한 영양제가 듬뿍 담겨서 미리미리 건강 챙겨줄수있어 좋습니다.츄르형 간식 줄때 꼭확인하는 인함량도 낮아서 굿~~요고 하나로 여러가지 영양제 한방에 먹이는 기분이라 아주 든든~합니다!! 고양이 집사님들께 완전 강추요!!!
"네바에토닉 저 왜 이제야 만났나요ㅠㅠ광고 많이 해주세여ㅠㅠ💕여기가 제자립니다 여기누울거에요💙여기저기 소문 왕왕 낼거에요💙마이펫닥터 완전 흥해야해용💕첫째가(흰아가) 닭알러지라(눈주변이상처투성이에요) 주고싶어도 닭이 들어가면 주기 망설여지는데 요거요거🤩퀘르세틴이 들어있는 츄르는 처음봐서 보자마자 환호성 질렀숩니다🥳평소에도 알러지 심하게 올라오면 퀘르세틴을 복용하던터라!!안심하고 애기 잘 먹일 수 있었어요!둘째가(치즈) 요몇일 헤어볼때문에 속이 너무 안좋은지 밥 거부가 정말 심했어요ㅠㅠ선천적으로 신장이 작아 밥거부 와중에 뭘 억지로 먹이면 구토하고..탈수오고 네바에토닉 택배받은 당일에도 두찌 병원가서 수액맞고ㅠ근데 네바에토닉에 웬걸 엘테아닌도 있더라구요👏🏻👏🏻👏🏻없는게 뭔가요👏🏻안그래보여도 병원 스트레스가 심한앤데 먹을거 거부,구토가 너무 심해서 츄르며 뭐 아무것도 못먹이고 집사퇴근때까지 병원에서 초음파. 엑스레이. 피뽑고 수액맞고 스트레스 이만저만 아니었을텐데ㅠㅠㅠ엘테아닌이라닝⭐️첫째가 질켄엔 효과1도 못 봤을때 엘테아닌에 스트레스 완화 효과를 눈에띄게 보였던터라 너무 반갑더라구요!!정말 네바에토닉 짱이네욤병원에서두 원장샘이 밥 안먹으면 내일도 수액맞으러 와야해요~!!!하셨는데 병원가서도ㅠㅠ아무것도 안먹겠다던 두찌는.........오자마자 네바에토닉 다 뺏어먹기 난리났구요😅;;;애 밥 안먹는다고 난리치던 집사 민망하구....;좀 당황스러우면서도 엄청 기뻣어요ㅠㅠ💙원래 배려심도 깊은 아가라 첫째 다 먹을때까지 기다려줬는데......(?)...당황하는 첫째.....둘째는 물론 이후 쭉 밥도 잘 먹옸오요😲👍🏻이래저래 쓸데없이 글이 길었지만 네바에토닉 짱이라는거에용w😲w헿사랑합니당 마이펫닥터💕"
"루나가 합사때문에 츄르복이 터져서^...^ 매번 줄때마다ㅠㅡㅠ 너무 걱정이었는데🤧#네바에토닉 츄르인척하는 #고양이영양제 를 보내주셨오요💛이왕이면 몸에 조은 츄르 줘야 맘이 좋차나유?😏😏💛✔️인과 나트륨이 낮은 휴먼그레이드✔️수분87%로 음수량걱정해결✔️천연타우린으로 소화흡수에도 귯✔️방부제/ 보존제/ 색소/ 합성첨가물 FREE✔️아미노산 오메가3 유산균 타우린으로  #고양이면역력 에도 좋숩니다+ L테아닌으로 스트레스에도 좋다구하네요😌.. 합사에 지친 루나에게 힐링시간이었어요,,,,🧡 헤어볼에도 좋다해서 털갈이시기에 딱인 영양제에오..😌#고양이종합영양제 지만 연어치킨맛 츄르st로 기호성도 아쥬 훈륭했어요☺️☺️☺️30개들어있어 루나에게 행복한 한달이 될 고 가타요..💛까르르... 이벤트로 좋은기회주셔 감사함니다😚😚"
심장병이 있는 저희 냥이는매일 이뇨제가 들어있는 약을 먹어요😢그래서 신장이 나빠질까봐 심부전약을 같이 먹긴 하지만 그래도 신장관리를 위해 수분섭취를 많이 해주는게 중요하기도 하고 신장 관리도 해줘야해서 신장영양제를 찾아봤는데요파우더 타입 영양제는 완전 불호 예요츄르에 타줘도 그냥 츄르를 안 먹겠다는...😭츄르타입은 잘 먹으려나 다른 후기들도 잘 먹는다 적혀있어서  잘 먹어줄까 고심했는데요왠걸~~ 너무 잘먹어요😯영양제인데 맛있나봐요~~ 이 영양제 자체만으로도 수분이 보충되는데 물에 타줘도 너무 잘 먹어서 수분 섭취는 걱정 없겠어요🙂
요새 일본산이니 원재료에 뭐가 들어가니 집사님들께는 상당히 예민한 문제이잖아요 저 역시 그렇구요 원래 츄x만 먹이다가 일본산이기도 하고 원래는 냥이건강에 되게 안좋다는 얘기듣자마자 딴 제품으로 갈아타려고 이것저것 찾아봤는데 생각보다 제 마음에 드는 제품이 없더라구요 그러던 찰나에 마이펫닥터 고양이 영양제를 먹여봤ㅇ는데 왠걸 기호성도 짱이고 원재료 투명하고 성분도 좋아서 감동+만족중이예요저희 냥이가 음수량이 너무 적어서 고민이었는데 이제품은 물에 섞어줘도 잘먹구요 그냥줘도 달려들어요. 게다가 그냥 간식이 아닌 영양제여서 더욱더 만족하면서 급여중이구요. 무엇보다 털이 비단결이 됐어요 윤기가 막 좌르르 흐르고 헤어볼을 일주일에 한번이상은 토하던 아이가 1도 없어졌어요 이제품에  감동먹었어요 이 통 다 비워가는데 재구매하려구요 진짜 짱입니다
